epoch,accuracy,loss,val_accuracy,val_loss
0,0.20483518,2.0333252654326888,0.26661932,1.7805462642149492
